Dataset,Original Data Plot Time,SOM Time,technique_names,stress_values,correlation_values,silhouette_values,trust_values,avg_dist_values,continuity_values,neighborhood_hit_values,shepard_goodness_values,distance_consistency_values,Evaluation Time
wine,583.53,90.53,"['Circular Projection', 'wine - SOM']","[1.0018137391233073, 1.0018137391233073]","[0.018663816838916412, 0.018663816838916412]","[-0.049539674, -0.049539674]","[0.008697951090548606, 0.008697951090548606]","[0.9917504, 0.9917504]","[0.02247191011235955, 0.02247191011235955]","[0.35730337078651686, 0.35730337078651686]","[0.018663816838916412, 0.018663816838916412]","[0.11235955056179775, 0.11235955056179775]",0.2
