Dataset,Original Data Plot Time,Simulated Annealing cPro Time,Adam cPro Time,PSO cPro Time,L-BFGS cPro Time,SOM Time,Spring-Force Radial Projection Time,MDS 2D Time,MDS 1D Time,PCA 2D Time,PCA 1D Time,UMAP 2D Time,Isomap 2D Time,technique_names,stress_values,correlation_values,silhouette_values,trust_values,avg_dist_values,continuity_values,neighborhood_hit_values,shepard_goodness_values,distance_consistency_values,Evaluation Time
wine,40.47,0.2,0.07,0.2,0.21,0.2,0.01,0.01,0.01,0.0,0.0,7.37,0.01,"['Circular Projection', 'wine - Simulated Annealing cPro', 'wine - Adam cPro', 'wine - PSO cPro', 'wine - L-BFGS cPro', 'wine - SOM', 'wine - Spring-Force Radial Projection', 'wine - MDS 2D', 'wine - MDS 1D', 'wine - PCA 2D', 'wine - PCA 1D', 'wine - UMAP 2D', 'wine - Isomap 2D']","[1.0, 1.0, 0.5461838872078946, 1.0, 0.4806291280797131, 0.8586834416982604, 0.8446805250570206, 0.7877180360959126, 1.1167845789528645, 0.49007851319363344, 0.8443029382328059, 0.7707597291442935, 0.7354219440790878]","[nan, nan, 0.7517224297265708, nan, 0.7560718472190768, 0.10089798497964751, 0.10945910441175076, 0.26277020384387606, 0.1089048695552706, 0.8376208807841612, 0.6640371347831717, 0.6727183002910371, 0.7018768989423969]","[0.0, 0.0, 0.48749572, 0.0, 0.35134807, -0.18566301, -0.10904751666377503, -0.08144926105661102, -0.19226190476190474, 0.6739439505718814, 0.2, 0.32049018, 0.25725718781187207]","[0.11333333333333329, 0.11333333333333329, 0.5916666666666666, 0.11333333333333329, 0.41666666666666663, 0.03166666666666662, 0.08999999999999997, 0.15999999999999992, 0.07833333333333325, 0.6499999999999999, 0.41666666666666663, 0.3583333333333333, 0.5916666666666666]","[0.0, 0.0, 0.9938286, 0.0, 0.6456402, 0.98035985, 0.9693976333937689, 0.9889856256622255, 0.99, 0.995681968086254, 0.99, 0.190858, 0.9936872901694906]","[0.15, 0.15, 0.77, 0.15, 0.66, 0.21, 0.27, 0.36, 0.33, 0.8, 0.65, 0.8, 0.89]","[0.36, 0.36, 0.75, 0.36, 0.62, 0.24, 0.36, 0.36, 0.3, 0.87, 0.61, 0.77, 0.82]","[nan, nan, 0.7517224297265708, nan, 0.7560718472190768, 0.10089798497964751, 0.10945910441175076, 0.26277020384387606, 0.1089048695552706, 0.8376208807841612, 0.6640371347831717, 0.6727183002910371, 0.7018768989423969]","[0.75, 0.75, 3.85, 0.75, 3.3, 1.05, 1.35, 1.8, 1.65, 4.0, 3.25, 4.0, 4.45]",0.31
