Dataset,Original Data Plot Time,Simulated Annealing cPro Time,Adam cPro Time,PSO cPro Time,L-BFGS cPro Time,SOM Time,Spring-Force Radial Projection Time,MDS 2D Time,MDS 1D Time,PCA 2D Time,PCA 1D Time,UMAP 2D Time,Isomap 2D Time,technique_names,stress_values,correlation_values,silhouette_values,trust_values,avg_dist_values,continuity_values,neighborhood_hit_values,shepard_goodness_values,distance_consistency_values,Evaluation Time
wine,35.45,10.0,0.09,10.0,0.97,10.0,0.02,0.01,0.01,0.0,0.0,7.32,0.02,"['Circular Projection', 'wine - Simulated Annealing cPro', 'wine - Adam cPro', 'wine - PSO cPro', 'wine - L-BFGS cPro', 'wine - SOM', 'wine - Spring-Force Radial Projection', 'wine - MDS 2D', 'wine - MDS 1D', 'wine - PCA 2D', 'wine - PCA 1D', 'wine - UMAP 2D', 'wine - Isomap 2D']","[1.0, 1.0, 0.5277826288841669, 1.0, 0.4193293584499275, 0.8345618355231933, 0.8269746746347013, 0.7877180360959126, 1.1167845789528645, 0.49007851319363344, 0.8443029382328059, 0.8779382674763244, 0.7354219440790878]","[nan, nan, 0.7755584151704411, nan, 0.8388807270622316, 0.15645842248578412, 0.11331352953855081, 0.26277020384387606, 0.1089048695552706, 0.8376208807841612, 0.6640371347831717, 0.6540149994347572, 0.7018768989423969]","[0.0, 0.0, 0.5297109, 0.0, 0.40892997, -0.14880392, -0.1336510229131066, -0.08144926105661102, -0.19226190476190474, 0.6739439505718814, 0.2, 0.36902028, 0.25725718781187207]","[0.11333333333333329, 0.11333333333333329, 0.5683333333333334, 0.11333333333333329, 0.4983333333333333, 0.07833333333333325, 0.08999999999999997, 0.15999999999999992, 0.07833333333333325, 0.6499999999999999, 0.41666666666666663, 0.42833333333333334, 0.5916666666666666]","[0.0, 0.0, 0.9971649, 0.0, 0.7303309, 0.9924156, 0.8703526293152177, 0.9889856256622255, 0.99, 0.995681968086254, 0.99, 0.0980384, 0.9936872901694906]","[0.15, 0.15, 0.77, 0.15, 0.69, 0.26, 0.27, 0.36, 0.33, 0.8, 0.65, 0.76, 0.89]","[0.36, 0.36, 0.77, 0.36, 0.71, 0.29, 0.34, 0.36, 0.3, 0.87, 0.61, 0.78, 0.82]","[nan, nan, 0.7755584151704411, nan, 0.8388807270622316, 0.15645842248578412, 0.11331352953855081, 0.26277020384387606, 0.1089048695552706, 0.8376208807841612, 0.6640371347831717, 0.6540149994347572, 0.7018768989423969]","[0.75, 0.75, 3.85, 0.75, 3.45, 1.3, 1.35, 1.8, 1.65, 4.0, 3.25, 3.8, 4.45]",0.35
